Exercise,Pectoralis Major — Clavicular,Pectoralis Major — Sternocostal,Pectoralis Minor,Anterior Deltoid,Lateral Deltoid,Posterior Deltoid,Latissimus Dorsi,Teres Major,Upper Trapezius,Middle Trapezius,Lower Trapezius,Rhomboids,Serratus Anterior,Lumbar Erector Spinae,Biceps Brachii,Brachialis,Brachioradialis,Triceps Brachii — Long Head,Triceps Brachii — Lateral Head,Triceps Brachii — Medial Head,Wrist Flexors,Wrist Extensors,Finger Flexors / Grip,Rectus Abdominis,Obliques,Iliopsoas,Gluteus Maximus,Gluteus Medius + Minimus,Adductor Magnus,Other Hip Adductors,Rectus Femoris,Vastus Lateralis,Vastus Medialis,Vastus Intermedius,Biceps Femoris — Long Head,Biceps Femoris — Short Head,Semitendinosus,Semimembranosus,Gastrocnemius,Soleus
Adductor Machine (Machine),0,0,0,0,0,0,0,0,0,0,0,0,0,0,0,0,0,0,0,0,0,0,0,0,0,0,0,0,1,1,0,0,0,0,0,0,0,0,0,0
Adductor Machine (Machine) (Unilateral),0,0,0,0,0,0,0,0,0,0,0,0,0,0,0,0,0,0,0,0,0,0,0,0,0,0,0,0,1,1,0,0,0,0,0,0,0,0,0,0
Back Extensions (Dumbbell),0,0,0,0,0,0,0,0,0,0,0,0,0,0.75,0,0,0,0,0,0,0,0,0,0,0,0,0.75,0,0.5,0,0,0,0,0,0.75,0,0.75,0.75,0,0
Behind Back Wrist Curls (Cable) (Straight Bar),0,0,0,0,0,0,0,0,0,0,0,0,0,0,0,0,0,0,0,0,1,0,0.25,0,0,0,0,0,0,0,0,0,0,0,0,0,0,0,0,0
Belt Squat (Machine),0,0,0,0,0,0,0,0,0,0,0,0,0,0,0,0,0,0,0,0,0,0,0,0,0,0,0.75,0,0.5,0,0.25,1,1,1,0,0,0,0,0,0
Calf Raises (Leg Press Machine),0,0,0,0,0,0,0,0,0,0,0,0,0,0,0,0,0,0,0,0,0,0,0,0,0,0,0,0,0,0,0,0,0,0,0,0,0,0,1,1
Calf Raises (Machine) (Standing),0,0,0,0,0,0,0,0,0,0,0,0,0,0,0,0,0,0,0,0,0,0,0,0,0,0,0,0,0,0,0,0,0,0,0,0,0,0,1,1
Chest Fly (Cable) (Bent Over Standing) (Horizontal),0.75,1,0,0.25,0,0,0,0,0,0,0,0,0,0,0,0,0,0,0,0,0,0,0,0,0,0,0,0,0,0,0,0,0,0,0,0,0,0,0,0
Chest Fly (Cable) (Kneeling) (Horizontal),0.75,1,0,0.25,0,0,0,0,0,0,0,0,0,0,0,0,0,0,0,0,0,0,0,0,0,0,0,0,0,0,0,0,0,0,0,0,0,0,0,0
Chest Fly (Cable) (Seated) (Horizontal),0.75,1,0,0.25,0,0,0,0,0,0,0,0,0,0,0,0,0,0,0,0,0,0,0,0,0,0,0,0,0,0,0,0,0,0,0,0,0,0,0,0
Crunch (Machine),0,0,0,0,0,0,0,0,0,0,0,0,0,0,0,0,0,0,0,0,0,0,0,1,0.25,0,0,0,0,0,0,0,0,0,0,0,0,0,0,0
Curl (Cable) (Bayesian) (Unilateral),0,0,0,0,0,0,0,0,0,0,0,0,0,0,1,0.75,0.25,0,0,0,0,0,0,0,0,0,0,0,0,0,0,0,0,0,0,0,0,0,0,0
Curl (Cable) (EZ Bar Attachment),0,0,0,0,0,0,0,0,0,0,0,0,0,0,1,0.75,0.25,0,0,0,0,0,0,0,0,0,0,0,0,0,0,0,0,0,0,0,0,0,0,0
Curl (Dumbbell) (Concentration) (Unilateral),0,0,0,0,0,0,0,0,0,0,0,0,0,0,1,0.75,0.25,0,0,0,0,0,0,0,0,0,0,0,0,0,0,0,0,0,0,0,0,0,0,0
Curl (Dumbbell) (Incline),0,0,0,0,0,0,0,0,0,0,0,0,0,0,1,0.75,0.25,0,0,0,0,0,0,0,0,0,0,0,0,0,0,0,0,0,0,0,0,0,0,0
Curl (Dumbbell) (Preacher) (Unilateral),0,0,0,0,0,0,0,0,0,0,0,0,0,0,1,0.75,0.25,0,0,0,0,0,0,0,0,0,0,0,0,0,0,0,0,0,0,0,0,0,0,0
Curl (EZ Bar) (Preacher),0,0,0,0,0,0,0,0,0,0,0,0,0,0,1,0.75,0.25,0,0,0,0,0,0,0,0,0,0,0,0,0,0,0,0,0,0,0,0,0,0,0
Curl (Machine) (Preacher) (Unilateral),0,0,0,0,0,0,0,0,0,0,0,0,0,0,1,0.75,0.25,0,0,0,0,0,0,0,0,0,0,0,0,0,0,0,0,0,0,0,0,0,0,0
Decline Weighted Sit Ups (Dumbbell),0,0,0,0,0,0,0,0,0,0,0,0,0,0,0,0,0,0,0,0,0,0,0,0.75,0.25,1,0,0,0,0,0.5,0,0,0,0,0,0,0,0,0
Dips (Machine),0.25,1,0.25,0.5,0,0,0,0,0,0,0,0,0,0,0,0,0,0.5,0.75,0.75,0,0,0,0,0,0,0,0,0,0,0,0,0,0,0,0,0,0,0,0
Extension (Cable) (Overhead) (Katana),0,0,0,0,0,0,0,0,0,0,0,0,0,0,0,0,0,1,0.75,0.75,0,0,0,0,0,0,0,0,0,0,0,0,0,0,0,0,0,0,0,0
Extension (Cable) (Overhead) (Unilateral),0,0,0,0,0,0,0,0,0,0,0,0,0,0,0,0,0,1,0.75,0.75,0,0,0,0,0,0,0,0,0,0,0,0,0,0,0,0,0,0,0,0
Extension (Dumbbell) (Overhead),0,0,0,0,0,0,0,0,0,0,0,0,0,0,0,0,0,1,0.75,0.75,0,0,0,0,0,0,0,0,0,0,0,0,0,0,0,0,0,0,0,0
Extension (Dumbbell) (Overhead) (Unilateral),0,0,0,0,0,0,0,0,0,0,0,0,0,0,0,0,0,1,0.75,0.75,0,0,0,0,0,0,0,0,0,0,0,0,0,0,0,0,0,0,0,0
Fly (Cable) (High-to-Low),0.5,1,0,0.25,0,0,0,0,0,0,0,0,0,0,0,0,0,0,0,0,0,0,0,0,0,0,0,0,0,0,0,0,0,0,0,0,0,0,0,0
Fly (Cable) (Low-to-High),1,0.5,0,0.5,0,0,0,0,0,0,0,0,0,0,0,0,0,0,0,0,0,0,0,0,0,0,0,0,0,0,0,0,0,0,0,0,0,0,0,0
Fly (Cable) (Low-to-High) (Unilateral),1,0.5,0,0.5,0,0,0,0,0,0,0,0,0,0,0,0,0,0,0,0,0,0,0,0,0.25,0,0,0,0,0,0,0,0,0,0,0,0,0,0,0
Fly (Pec Deck Machine),0.75,1,0,0.25,0,0,0,0,0,0,0,0,0,0,0,0,0,0,0,0,0,0,0,0,0,0,0,0,0,0,0,0,0,0,0,0,0,0,0,0
French Press (Cable) (EZ Bar Attachment),0,0,0,0,0,0,0,0,0,0,0,0,0,0,0,0,0,1,0.75,0.75,0,0,0,0,0,0,0,0,0,0,0,0,0,0,0,0,0,0,0,0
French Press (Cable) (V-Bar),0,0,0,0,0,0,0,0,0,0,0,0,0,0,0,0,0,1,0.75,0.75,0,0,0,0,0,0,0,0,0,0,0,0,0,0,0,0,0,0,0,0
French Press (Machine),0,0,0,0,0,0,0,0,0,0,0,0,0,0,0,0,0,1,0.75,0.75,0,0,0,0,0,0,0,0,0,0,0,0,0,0,0,0,0,0,0,0
Grip Squeeze (Cable) (Unilateral),0,0,0,0,0,0,0,0,0,0,0,0,0,0,0,0,0,0,0,0,0,0.25,1,0,0,0,0,0,0,0,0,0,0,0,0,0,0,0,0,0
Grip Squeeze (Machine),0,0,0,0,0,0,0,0,0,0,0,0,0,0,0,0,0,0,0,0,0,0.25,1,0,0,0,0,0,0,0,0,0,0,0,0,0,0,0,0,0
Hack Squat (Machine),0,0,0,0,0,0,0,0,0,0,0,0,0,0,0,0,0,0,0,0,0,0,0,0,0,0,0.75,0,0.5,0,0.25,1,1,1,0,0,0,0,0,0
Hammer Curl (Cable) (Unilateral),0,0,0,0,0,0,0,0,0,0,0,0,0,0,0.5,1,1,0,0,0,0,0,0,0,0,0,0,0,0,0,0,0,0,0,0,0,0,0,0,0
Hammer Curl (Dumbbell) (Alternating),0,0,0,0,0,0,0,0,0,0,0,0,0,0,0.5,1,1,0,0,0,0,0,0,0,0,0,0,0,0,0,0,0,0,0,0,0,0,0,0,0
Hammer Curl (Dumbbell) (Concentration) (Unilateral),0,0,0,0,0,0,0,0,0,0,0,0,0,0,0.5,1,1,0,0,0,0,0,0,0,0,0,0,0,0,0,0,0,0,0,0,0,0,0,0,0
Hammer Curl (Dumbbell) (Preacher) (Unilateral),0,0,0,0,0,0,0,0,0,0,0,0,0,0,0.5,1,1,0,0,0,0,0,0,0,0,0,0,0,0,0,0,0,0,0,0,0,0,0,0,0
Hammer Curl (Dumbbell) (Seated),0,0,0,0,0,0,0,0,0,0,0,0,0,0,0.5,1,1,0,0,0,0,0,0,0,0,0,0,0,0,0,0,0,0,0,0,0,0,0,0,0
Hip Thrust (Machine),0,0,0,0,0,0,0,0,0,0,0,0,0,0,0,0,0,0,0,0,0,0,0,0,0,0,1,0,0.25,0,0,0,0,0,0,0,0,0,0,0
JM Press (Cable) (Unilateral),0.25,0,0,0.25,0,0,0,0,0,0,0,0,0,0,0,0,0,0.75,1,1,0,0,0,0,0,0,0,0,0,0,0,0,0,0,0,0,0,0,0,0
Kelso Shrug (Barbell) (Chest Supported),0,0,0,0,0,0,0,0,0,1,0.5,1,0,0,0,0,0,0,0,0,0,0,0,0,0,0,0,0,0,0,0,0,0,0,0,0,0,0,0,0
Kelso Shrug (Cable Machine),0,0,0,0,0,0,0,0,0,1,0.5,1,0,0,0,0,0,0,0,0,0,0,0,0,0,0,0,0,0,0,0,0,0,0,0,0,0,0,0,0
Kelso Shrug (Machine) (Chest Supported),0,0,0,0,0,0,0,0,0,1,0.5,1,0,0,0,0,0,0,0,0,0,0,0,0,0,0,0,0,0,0,0,0,0,0,0,0,0,0,0,0
Kickback (Cable),0,0,0,0,0,0,0,0,0,0,0,0,0,0,0,0,0,0.5,1,1,0,0,0,0,0,0,0,0,0,0,0,0,0,0,0,0,0,0,0,0
Lat Pulldown (Cable Machine) (Close Grip),0,0,0,0,0,0,1,0.75,0,0.25,0.5,0.25,0,0,0.5,0.75,0.75,0,0,0,0,0,0.25,0,0,0,0,0,0,0,0,0,0,0,0,0,0,0,0,0
Lat Pulldown (Cable Machine) (Neutral Grip),0,0,0,0,0,0,1,0.75,0,0.25,0.5,0.25,0,0,0.5,0.75,0.75,0,0,0,0,0,0.25,0,0,0,0,0,0,0,0,0,0,0,0,0,0,0,0,0
Lat Pulldown (Cable Machine) (Unilateral),0,0,0,0,0,0,1,0.75,0,0.25,0.5,0.25,0,0,0.5,0.75,0.75,0,0,0,0,0,0.25,0,0,0,0,0,0,0,0,0,0,0,0,0,0,0,0,0
Lat Pulldown (Cable Machine) (Wide Grip),0,0,0,0,0,0,1,0.75,0,0.25,0.5,0.25,0,0,0.25,0.5,0.5,0,0,0,0,0,0.25,0,0,0,0,0,0,0,0,0,0,0,0,0,0,0,0,0
Lat Pulldown (Cable) (Kneeling) (Unilateral),0,0,0,0,0,0,1,0.75,0,0.25,0.5,0.25,0,0,0.5,0.75,0.75,0,0,0,0,0,0.25,0,0.25,0,0,0,0,0,0,0,0,0,0,0,0,0,0,0
Lat Pulldown (Machine) (Close Grip),0,0,0,0,0,0,1,0.75,0,0.25,0.5,0.25,0,0,0.5,0.75,0.75,0,0,0,0,0,0.25,0,0,0,0,0,0,0,0,0,0,0,0,0,0,0,0,0
Lat Pulldown (Machine) (Unilateral),0,0,0,0,0,0,1,0.75,0,0.25,0.5,0.25,0,0,0.5,0.75,0.75,0,0,0,0,0,0.25,0,0,0,0,0,0,0,0,0,0,0,0,0,0,0,0,0
Lat Pulldown (Machine) (Wide Grip),0,0,0,0,0,0,1,0.75,0,0.25,0.5,0.25,0,0,0.25,0.5,0.5,0,0,0,0,0,0.25,0,0,0,0,0,0,0,0,0,0,0,0,0,0,0,0,0
Lateral Raise (Cable) (Unilateral),0,0,0,0,1,0,0,0,0.25,0,0.25,0,0.25,0,0,0,0,0,0,0,0,0,0,0,0,0,0,0,0,0,0,0,0,0,0,0,0,0,0,0
Lateral Raise (Dumbbell) (Seated),0,0,0,0,1,0,0,0,0.5,0,0.25,0,0.25,0,0,0,0,0,0,0,0,0,0,0,0,0,0,0,0,0,0,0,0,0,0,0,0,0,0,0
Lateral Raise (Dumbbell) (Standing),0,0,0,0,1,0,0,0,0.5,0,0.25,0,0.25,0,0,0,0,0,0,0,0,0,0,0,0,0,0,0,0,0,0,0,0,0,0,0,0,0,0,0
Lateral Raise (Dumbbells) (Seated - Leaning),0,0,0,0,1,0,0,0,0.5,0,0.25,0,0.25,0,0,0,0,0,0,0,0,0,0,0,0,0,0,0,0,0,0,0,0,0,0,0,0,0,0,0
Lateral Raise (Machine),0,0,0,0,1,0,0,0,0.25,0,0.25,0,0.25,0,0,0,0,0,0,0,0,0,0,0,0,0,0,0,0,0,0,0,0,0,0,0,0,0,0,0
Leg Curl (Machine) (Prone),0,0,0,0,0,0,0,0,0,0,0,0,0,0,0,0,0,0,0,0,0,0,0,0,0,0,0,0,0,0,0,0,0,0,0.75,1,0.75,0.75,0,0
Leg Curl (Machine) (Prone) (Unilateral),0,0,0,0,0,0,0,0,0,0,0,0,0,0,0,0,0,0,0,0,0,0,0,0,0,0,0,0,0,0,0,0,0,0,0.75,1,0.75,0.75,0,0
Leg Curl (Machine) (Seated),0,0,0,0,0,0,0,0,0,0,0,0,0,0,0,0,0,0,0,0,0,0,0,0,0,0,0,0,0,0,0,0,0,0,1,0.75,1,1,0,0
Leg Curl (Machine) (Seated) (Unilateral),0,0,0,0,0,0,0,0,0,0,0,0,0,0,0,0,0,0,0,0,0,0,0,0,0,0,0,0,0,0,0,0,0,0,1,0.75,1,1,0,0
Leg Extension (Machine),0,0,0,0,0,0,0,0,0,0,0,0,0,0,0,0,0,0,0,0,0,0,0,0,0,0,0,0,0,0,1,1,1,1,0,0,0,0,0,0
Leg Extension (Machine) (Unilateral),0,0,0,0,0,0,0,0,0,0,0,0,0,0,0,0,0,0,0,0,0,0,0,0,0,0,0,0,0,0,1,1,1,1,0,0,0,0,0,0
Leg Press (Machine),0,0,0,0,0,0,0,0,0,0,0,0,0,0,0,0,0,0,0,0,0,0,0,0,0,0,0.75,0,0.5,0,0.25,1,1,1,0,0,0,0,0,0
Leg Press (Machine) (Unilateral),0,0,0,0,0,0,0,0,0,0,0,0,0,0,0,0,0,0,0,0,0,0,0,0,0,0,0.75,0,0.5,0,0.25,1,1,1,0,0,0,0,0,0
Leg Press (Machine) (Unilateral) (High Foot Placement),0,0,0,0,0,0,0,0,0,0,0,0,0,0,0,0,0,0,0,0,0,0,0,0,0,0,1,0,0.75,0,0.25,0.75,0.75,0.75,0,0,0,0,0,0
Leg Press (Machine) (Unilateral) (High Foot Placement) (Plate Loaded),0,0,0,0,0,0,0,0,0,0,0,0,0,0,0,0,0,0,0,0,0,0,0,0,0,0,1,0,0.75,0,0.25,0.75,0.75,0.75,0,0,0,0,0,0
Lu Raises (Dumbbell) (Seated),0,0,0,0.5,1,0,0,0,0.75,0,0.5,0,0.5,0,0,0,0,0,0,0,0,0,0,0,0,0,0,0,0,0,0,0,0,0,0,0,0,0,0,0
Lu Raises (Dumbbell) (Standing),0,0,0,0.5,1,0,0,0,0.75,0,0.5,0,0.5,0,0,0,0,0,0,0,0,0,0,0,0,0,0,0,0,0,0,0,0,0,0,0,0,0,0,0
Overhead Press (Barbell) (Standing),0.25,0,0,1,0.75,0,0,0,0.5,0,0.5,0,0.5,0,0,0,0,0.5,0.75,0.75,0,0,0,0,0,0,0,0,0,0,0,0,0,0,0,0,0,0,0,0
Overhead Press (Dumbbell) (Seated) (Close Grip) (Incline 60),0.75,0.25,0,1,0,0,0,0,0.25,0,0.25,0,0.25,0,0,0,0,0.5,0.75,0.75,0,0,0,0,0,0,0,0,0,0,0,0,0,0,0,0,0,0,0,0
Overhead Press (Dumbbell) (Seated) (Wide Grip) (Incline 60),0.75,0.25,0,0.75,0.75,0,0,0,0.25,0,0.25,0,0.25,0,0,0,0,0.5,0.75,0.75,0,0,0,0,0,0,0,0,0,0,0,0,0,0,0,0,0,0,0,0
Overhead Press (Landmine) (Barbell) (Kneeling),0.5,0,0,1,0,0,0,0,0.25,0,0.25,0,0.75,0,0,0,0,0.5,0.75,0.75,0,0,0,0,0.25,0,0,0,0,0,0,0,0,0,0,0,0,0,0,0
Overhead Press (Machine) (Close Grip),0.25,0,0,1,0,0,0,0,0.25,0,0.25,0,0.25,0,0,0,0,0.5,0.75,0.75,0,0,0,0,0,0,0,0,0,0,0,0,0,0,0,0,0,0,0,0
Overhead Press (Machine) (Wide Grip),0.25,0,0,0.75,0.75,0,0,0,0.25,0,0.25,0,0.25,0,0,0,0,0.5,0.75,0.75,0,0,0,0,0,0,0,0,0,0,0,0,0,0,0,0,0,0,0,0
Overhead Press (Smith Machine),0.25,0,0,1,0,0,0,0,0.25,0,0.25,0,0.25,0,0,0,0,0.5,0.75,0.75,0,0,0,0,0,0,0,0,0,0,0,0,0,0,0,0,0,0,0,0
Press (Barbell),0.75,1,0,0.5,0,0,0,0,0,0,0,0,0,0,0,0,0,0.5,0.75,0.75,0,0,0,0,0,0,0,0,0,0,0,0,0,0,0,0,0,0,0,0
Press (Barbell) (Incline 15),0.75,1,0,0.5,0,0,0,0,0,0,0,0,0,0,0,0,0,0.5,0.75,0.75,0,0,0,0,0,0,0,0,0,0,0,0,0,0,0,0,0,0,0,0
Press (Barbell) (Incline 20),1,0.75,0,0.5,0,0,0,0,0,0,0,0,0,0,0,0,0,0.5,0.75,0.75,0,0,0,0,0,0,0,0,0,0,0,0,0,0,0,0,0,0,0,0
Press (Barbell) (Incline 24),1,0.75,0,0.5,0,0,0,0,0,0,0,0,0,0,0,0,0,0.5,0.75,0.75,0,0,0,0,0,0,0,0,0,0,0,0,0,0,0,0,0,0,0,0
Press (Barbell) (Incline 30),1,0.75,0,0.75,0,0,0,0,0,0,0,0,0,0,0,0,0,0.5,0.75,0.75,0,0,0,0,0,0,0,0,0,0,0,0,0,0,0,0,0,0,0,0
Press (Barbell) (Incline 30) (Larson),1,0.75,0,0.75,0,0,0,0,0,0,0,0,0,0,0,0,0,0.5,0.75,0.75,0,0,0,0,0,0,0,0,0,0,0,0,0,0,0,0,0,0,0,0
Press (Barbell) (Larson),0.75,1,0,0.5,0,0,0,0,0,0,0,0,0,0,0,0,0,0.5,0.75,0.75,0,0,0,0,0,0,0,0,0,0,0,0,0,0,0,0,0,0,0,0
Press (Barbell) (Paused),0.75,1,0,0.5,0,0,0,0,0,0,0,0,0,0,0,0,0,0.5,0.75,0.75,0,0,0,0,0,0,0,0,0,0,0,0,0,0,0,0,0,0,0,0
Press (Barbell) (Spoto) (Paused),0.75,1,0,0.5,0,0,0,0,0,0,0,0,0,0,0,0,0,0.5,0.75,0.75,0,0,0,0,0,0,0,0,0,0,0,0,0,0,0,0,0,0,0,0
Press (Cable) (Horizontal),0.75,1,0,0.5,0,0,0,0,0,0,0,0,0.25,0,0,0,0,0.5,0.75,0.75,0,0,0,0,0,0,0,0,0,0,0,0,0,0,0,0,0,0,0,0
Press (Dumbbell) (Incline 15),0.75,1,0,0.5,0,0,0,0,0,0,0,0,0,0,0,0,0,0.5,0.75,0.75,0,0,0,0,0,0,0,0,0,0,0,0,0,0,0,0,0,0,0,0
Press (Dumbbell) (Incline 20),1,0.75,0,0.5,0,0,0,0,0,0,0,0,0,0,0,0,0,0.5,0.75,0.75,0,0,0,0,0,0,0,0,0,0,0,0,0,0,0,0,0,0,0,0
Press (Dumbbell) (Incline 24),1,0.75,0,0.5,0,0,0,0,0,0,0,0,0,0,0,0,0,0.5,0.75,0.75,0,0,0,0,0,0,0,0,0,0,0,0,0,0,0,0,0,0,0,0
Press (Dumbbell) (Incline 30),1,0.75,0,0.75,0,0,0,0,0,0,0,0,0,0,0,0,0,0.5,0.75,0.75,0,0,0,0,0,0,0,0,0,0,0,0,0,0,0,0,0,0,0,0
Press (Dumbbell) (Incline 40),1,0.5,0,0.75,0,0,0,0,0,0,0,0,0,0,0,0,0,0.5,0.75,0.75,0,0,0,0,0,0,0,0,0,0,0,0,0,0,0,0,0,0,0,0
Press (Machine) (Horizontal),0.75,1,0,0.5,0,0,0,0,0,0,0,0,0,0,0,0,0,0.5,0.75,0.75,0,0,0,0,0,0,0,0,0,0,0,0,0,0,0,0,0,0,0,0
Press (Machine) (Horizontal) (Plate Loaded),0.75,1,0,0.5,0,0,0,0,0,0,0,0,0,0,0,0,0,0.5,0.75,0.75,0,0,0,0,0,0,0,0,0,0,0,0,0,0,0,0,0,0,0,0
Press (Machine) (Incline),1,0.5,0,0.75,0,0,0,0,0,0,0,0,0,0,0,0,0,0.5,0.75,0.75,0,0,0,0,0,0,0,0,0,0,0,0,0,0,0,0,0,0,0,0
Press (Machine) (Incline) (Plate Loaded),1,0.5,0,0.75,0,0,0,0,0,0,0,0,0,0,0,0,0,0.5,0.75,0.75,0,0,0,0,0,0,0,0,0,0,0,0,0,0,0,0,0,0,0,0
Press (Machine) (Incline) (Plate Loaded) (Close Neutral Grip),0.75,0.5,0,0.75,0,0,0,0,0,0,0,0,0,0,0,0,0,0.5,1,1,0,0,0,0,0,0,0,0,0,0,0,0,0,0,0,0,0,0,0,0
Press (Smith Machine),0.75,1,0,0.5,0,0,0,0,0,0,0,0,0,0,0,0,0,0.5,0.75,0.75,0,0,0,0,0,0,0,0,0,0,0,0,0,0,0,0,0,0,0,0
Press (Smith Machine) (Incline 10),0.75,1,0,0.5,0,0,0,0,0,0,0,0,0,0,0,0,0,0.5,0.75,0.75,0,0,0,0,0,0,0,0,0,0,0,0,0,0,0,0,0,0,0,0
Press (Smith Machine) (Incline 30),1,0.75,0,0.75,0,0,0,0,0,0,0,0,0,0,0,0,0,0.5,0.75,0.75,0,0,0,0,0,0,0,0,0,0,0,0,0,0,0,0,0,0,0,0
Press (Smith Machine) (Larson),0.75,1,0,0.5,0,0,0,0,0,0,0,0,0,0,0,0,0,0.5,0.75,0.75,0,0,0,0,0,0,0,0,0,0,0,0,0,0,0,0,0,0,0,0
Pullover (Cable) (EZ Bar Attachment),0,0.25,0,0,0,0,1,0.75,0,0,0,0,0,0,0,0,0,0.25,0,0,0,0,0,0,0,0,0,0,0,0,0,0,0,0,0,0,0,0,0,0
Pullover (Machine),0,0.25,0,0,0,0,1,0.75,0,0,0,0,0,0,0,0,0,0.25,0,0,0,0,0,0,0,0,0,0,0,0,0,0,0,0,0,0,0,0,0,0
Pullup (Bodyweight) (Neutral Grip),0,0,0,0,0,0,1,0.75,0,0.25,0.5,0.25,0,0,0.5,0.75,0.75,0,0,0,0,0,0.5,0,0,0,0,0,0,0,0,0,0,0,0,0,0,0,0,0
Pushdown (Cable) (EZ bar),0,0,0,0,0,0,0,0,0,0,0,0,0,0,0,0,0,0.5,1,1,0,0,0,0,0,0,0,0,0,0,0,0,0,0,0,0,0,0,0,0
Pushdown (Cable) (Unilateral),0,0,0,0,0,0,0,0,0,0,0,0,0,0,0,0,0,0.5,1,1,0,0,0,0,0,0,0,0,0,0,0,0,0,0,0,0,0,0,0,0
Pushdown (Cable) (V-Bar),0,0,0,0,0,0,0,0,0,0,0,0,0,0,0,0,0,0.5,1,1,0,0,0,0,0,0,0,0,0,0,0,0,0,0,0,0,0,0,0,0
Pushdown (Cable) (Wrist Cuffs),0,0,0,0,0,0,0,0,0,0,0,0,0,0,0,0,0,0.5,1,1,0,0,0,0,0,0,0,0,0,0,0,0,0,0,0,0,0,0,0,0
Pushdown (Machine),0,0,0,0,0,0,0,0,0,0,0,0,0,0,0,0,0,0.5,1,1,0,0,0,0,0,0,0,0,0,0,0,0,0,0,0,0,0,0,0,0
RDLs (Barbell),0,0,0,0,0,0,0,0,0,0,0,0,0,0.75,0,0,0,0,0,0,0,0,0.5,0,0,0,0.75,0,0.5,0,0,0,0,0,1,0,1,1,0,0
Rear Delt Fly (Cable) (Unilateral),0,0,0,0,0,1,0,0,0,0.75,0.25,0.75,0,0,0,0,0,0,0,0,0,0,0,0,0,0,0,0,0,0,0,0,0,0,0,0,0,0,0,0
Rear Delt Fly (Machine),0,0,0,0,0,1,0,0,0,0.75,0.25,0.75,0,0,0,0,0,0,0,0,0,0,0,0,0,0,0,0,0,0,0,0,0,0,0,0,0,0,0,0
Reverse Curls (Cable) (Straight Bar),0,0,0,0,0,0,0,0,0,0,0,0,0,0,0.25,1,1,0,0,0,0,0.5,0.25,0,0,0,0,0,0,0,0,0,0,0,0,0,0,0,0,0
Reverse Curls (Cable) (Unilateral),0,0,0,0,0,0,0,0,0,0,0,0,0,0,0.25,1,1,0,0,0,0,0.5,0.25,0,0,0,0,0,0,0,0,0,0,0,0,0,0,0,0,0
Reverse Curls (EZ Bar) (Standing),0,0,0,0,0,0,0,0,0,0,0,0,0,0,0.25,1,1,0,0,0,0,0.5,0.25,0,0,0,0,0,0,0,0,0,0,0,0,0,0,0,0,0
Reverse Curls (EZ Bar) (Standing) (Strict),0,0,0,0,0,0,0,0,0,0,0,0,0,0,0.25,1,1,0,0,0,0,0.5,0.25,0,0,0,0,0,0,0,0,0,0,0,0,0,0,0,0,0
Row (Barbell) (Bent Over) (Wide),0,0,0,0,0,1,0,0,0,1,0.25,1,0,0.75,0.25,0.5,0.5,0,0,0,0,0,0.5,0,0,0,0,0,0,0,0,0,0,0,0,0,0,0,0,0
Row (Cable Machine) (Close Grip),0,0,0,0,0,0.5,1,0.75,0,0.75,0.25,0.75,0,0,0.5,0.5,0.5,0,0,0,0,0,0.25,0,0,0,0,0,0,0,0,0,0,0,0,0,0,0,0,0
Row (Cable Machine) (Close Grip) (Unilateral),0,0,0,0,0,0.5,1,0.75,0,0.75,0.25,0.75,0,0,0.5,0.5,0.5,0,0,0,0,0,0.25,0,0,0,0,0,0,0,0,0,0,0,0,0,0,0,0,0
Row (Cable Machine) (Wide Grip) (Pronated),0,0,0,0,0,1,0,0,0,1,0.25,1,0,0,0.25,0.5,0.5,0,0,0,0,0,0.25,0,0,0,0,0,0,0,0,0,0,0,0,0,0,0,0,0
Row (Dumbbell) (Bent Over) (Unilateral),0,0,0,0,0,0.5,1,0.75,0,0.5,0.25,0.5,0,0,0.5,0.5,0.5,0,0,0,0,0,0.5,0,0,0,0,0,0,0,0,0,0,0,0,0,0,0,0,0
Row (Machine) (Chest Supported) (Close Grip),0,0,0,0,0,0.5,1,0.75,0,0.75,0.25,0.75,0,0,0.5,0.5,0.5,0,0,0,0,0,0.25,0,0,0,0,0,0,0,0,0,0,0,0,0,0,0,0,0
Row (Machine) (Chest Supported) (Unilateral),0,0,0,0,0,0.5,1,0.75,0,0.75,0.25,0.75,0,0,0.5,0.5,0.5,0,0,0,0,0,0.25,0,0,0,0,0,0,0,0,0,0,0,0,0,0,0,0,0
Row (Machine) (Chest Supported) (Wide Grip),0,0,0,0,0,1,0,0,0,1,0.25,1,0,0,0.25,0.5,0.5,0,0,0,0,0,0.25,0,0,0,0,0,0,0,0,0,0,0,0,0,0,0,0,0
Row (Machine) (Close Grip),0,0,0,0,0,0.5,1,0.75,0,0.75,0.25,0.75,0,0,0.5,0.5,0.5,0,0,0,0,0,0.25,0,0,0,0,0,0,0,0,0,0,0,0,0,0,0,0,0
Row (Machine) (Close Grip) (Unilateral),0,0,0,0,0,0.5,1,0.75,0,0.75,0.25,0.75,0,0,0.5,0.5,0.5,0,0,0,0,0,0.25,0,0,0,0,0,0,0,0,0,0,0,0,0,0,0,0,0
Row (T-Bar) (Chest Supported) (Close-Grip),0,0,0,0,0,0.5,1,0.75,0,0.75,0.25,0.75,0,0,0.5,0.5,0.5,0,0,0,0,0,0.25,0,0,0,0,0,0,0,0,0,0,0,0,0,0,0,0,0
Row (T-Bar) (Chest Supported) (Wide-Grip),0,0,0,0,0,1,0,0,0,1,0.25,1,0,0,0.25,0.5,0.5,0,0,0,0,0,0.25,0,0,0,0,0,0,0,0,0,0,0,0,0,0,0,0,0
Row (T-Bar) (Meadows),0,0,0,0,0,0.75,0.75,0.5,0,0.75,0.25,0.75,0,0.5,0.25,0.5,0.5,0,0,0,0,0,0.5,0,0,0,0,0,0,0,0,0,0,0,0,0,0,0,0,0
Skull Crushers (EZ Bar) (Lying),0,0,0,0,0,0,0,0,0,0,0,0,0,0,0,0,0,1,0.75,0.75,0,0,0,0,0,0,0,0,0,0,0,0,0,0,0,0,0,0,0,0
Split Squats (Dumbbells),0,0,0,0,0,0,0,0,0,0,0,0,0,0,0,0,0,0,0,0,0,0,0.25,0,0,0,1,0.5,0.5,0,0.25,0.75,0.75,0.75,0,0,0,0,0,0
Static Holds (Cable),0,0,0,0,0,0,0,0,0,0,0,0,0,0,0,0,0,0,0,0,0,0.5,1,0,0,0,0,0,0,0,0,0,0,0,0,0,0,0,0,0
Static Holds (Cable) (Unilateral),0,0,0,0,0,0,0,0,0,0,0,0,0,0,0,0,0,0,0,0,0,0.5,1,0,0,0,0,0,0,0,0,0,0,0,0,0,0,0,0,0
Static Holds (Dumbbell),0,0,0,0,0,0,0,0,0,0,0,0,0,0,0,0,0,0,0,0,0,0.5,1,0,0,0,0,0,0,0,0,0,0,0,0,0,0,0,0,0
Wrist Curls (Cable),0,0,0,0,0,0,0,0,0,0,0,0,0,0,0,0,0,0,0,0,1,0,0.25,0,0,0,0,0,0,0,0,0,0,0,0,0,0,0,0,0
Wrist Curls (Cable) (Unilateral),0,0,0,0,0,0,0,0,0,0,0,0,0,0,0,0,0,0,0,0,1,0,0.25,0,0,0,0,0,0,0,0,0,0,0,0,0,0,0,0,0
Y-Raise (Cable) (Lying),0,0,0,0.5,0.5,0,0,0,0.5,0,1,0,0.75,0,0,0,0,0,0,0,0,0,0,0,0,0,0,0,0,0,0,0,0,0,0,0,0,0,0,0
Y-Raise (Cable) (Standing),0,0,0,0.5,0.5,0,0,0,0.5,0,1,0,0.75,0,0,0,0,0,0,0,0,0,0,0,0,0,0,0,0,0,0,0,0,0,0,0,0,0,0,0
