Exercise,Sagittal Plane Lumbar Intervertebral Flexion (Dynamic),Frontal Plane Acetabulofemoral Adduction (Dynamic),Sagittal Plane Acetabulofemoral Flexion (Dynamic),Sagittal Plane Acetabulofemoral Extension (Dynamic),Sagittal Plane Tibiofemoral Flexion (Dynamic),Sagittal Plane Tibiofemoral Extension (Dynamic),Sagittal Plane Talocrural Plantarflexion (Dynamic),Transverse Plane Scapulothoracic Retraction (Dynamic),Transverse Plane Scapulothoracic Protraction (Dynamic),Frontal Plane Scapulothoracic Upward Rotation (Dynamic),Frontal Plane Scapulothoracic Downward Rotation (Dynamic),Frontal Plane Scapulothoracic Depression (Dynamic),Sagittal Plane Scapulothoracic Posterior Tilt (Dynamic),Transverse Plane Scapulothoracic External Rotation (Dynamic),Frontal Plane Glenohumeral Adduction (Dynamic),Frontal Plane Glenohumeral Abduction (Dynamic),Sagittal Plane Glenohumeral Flexion (Dynamic),Sagittal Plane Glenohumeral Extension (Dynamic),Transverse Plane Glenohumeral Horizontal Adduction (Dynamic),Transverse Plane Glenohumeral Horizontal Abduction (Dynamic),Scapular Plane Glenohumeral Elevation (Dynamic),Sagittal Plane Humeroulnar Flexion (Radioulnar Supinated) (Dynamic),Sagittal Plane Humeroulnar Flexion (Radioulnar Neutral) (Dynamic),Sagittal Plane Humeroulnar Flexion (Radioulnar Pronated) (Dynamic),Sagittal Plane Humeroulnar Extension (Glenohumeral Neutral) (Dynamic),Sagittal Plane Humeroulnar Extension (Glenohumeral Flexed) (Dynamic),Sagittal Plane Humeroulnar Extension (Glenohumeral Extended) (Dynamic),Sagittal Plane Radiocarpal Flexion (Dynamic),Sagittal Plane Metacarpophalangeal Flexion (Dynamic),Sagittal Plane Interphalangeal Flexion (Dynamic),Sagittal Plane Lumbar Intervertebral Flexion (Isometric),Sagittal Plane Lumbar Intervertebral Extension (Isometric),Transverse Plane Lumbar Intervertebral Rotation (Isometric),Frontal Plane Acetabulofemoral Abduction (Isometric),Sagittal Plane Acetabulofemoral Extension (Isometric),Transverse Plane Scapulothoracic Retraction (Isometric),Frontal Plane Scapulothoracic Depression (Isometric),Sagittal Plane Radiocarpal Extension (Isometric),Sagittal Plane Metacarpophalangeal Flexion (Isometric),Sagittal Plane Interphalangeal Flexion (Isometric)
Abs - Crunch (Machine),1,0,0,0,0,0,0,0,0,0,0,0,0,0,0,0,0,0,0,0,0,0,0,0,0,0,0,0,0,0,0,0,0,0,0,0,0,0,0,0
Abs - Decline Weighted Sit Ups (Dumbbell),1,0,0.8,0,0,0,0,0,0,0,0,0,0,0,0,0,0,0,0,0,0,0,0,0,0,0,0,0,0,0,0,0,0,0,0,0,0,0,0,0
Adductors - Adductor Machine (Machine),0,1,0,0,0,0,0,0,0,0,0,0,0,0,0,0,0,0,0,0,0,0,0,0,0,0,0,0,0,0,0,0,0,0,0,0,0,0,0,0
Adductors - Adductor Machine (Machine) (Unilateral),0,1,0,0,0,0,0,0,0,0,0,0,0,0,0,0,0,0,0,0,0,0,0,0,0,0,0,0,0,0,0,0,0,0,0,0,0,0,0,0
Back - Kelso Shrug (Barbell) (Chest Supported),0,0,0,0,0,0,0,1,0,0.15,0,0,0.2,0.3,0,0,0,0,0,0,0,0,0,0,0,0,0,0,0,0,0,0,0,0,0,0,0,0,0,0
Back - Kelso Shrug (Cable Machine),0,0,0,0,0,0,0,1,0,0.15,0,0,0.2,0.3,0,0,0,0,0,0,0,0,0,0,0,0,0,0,0,0,0,0,0,0,0,0,0,0,0,0
Back - Kelso Shrug (Machine) (Chest Supported),0,0,0,0,0,0,0,1,0,0.15,0,0,0.2,0.3,0,0,0,0,0,0,0,0,0,0,0,0,0,0,0,0,0,0,0,0,0,0,0,0,0,0
Back - Lat Pulldown (Cable Machine) (Close Grip),0,0,0,0,0,0,0,0.4,0,0,0.7,0.5,0,0,0,0,0,1,0,0,0,0,0.7,0,0,0,0,0,0,0,0,0,0,0,0,0,0,0.15,0.35,0.35
Back - Lat Pulldown (Cable Machine) (Neutral Grip),0,0,0,0,0,0,0,0.4,0,0,0.7,0.5,0,0,0,0,0,1,0,0,0,0,0.6,0,0,0,0,0,0,0,0,0,0,0,0,0,0,0.15,0.35,0.35
Back - Lat Pulldown (Cable Machine) (Unilateral),0,0,0,0,0,0,0,0.4,0,0,0.7,0.5,0,0,1,0,0,0,0,0,0,0,0,0.4,0,0,0,0,0,0,0,0,0,0,0,0,0,0.15,0.35,0.35
Back - Lat Pulldown (Cable Machine) (Wide Grip),0,0,0,0,0,0,0,0.5,0,0,0.8,0.6,0,0,1,0,0,0,0,0,0,0,0,0.3,0,0,0,0,0,0,0,0,0,0,0,0,0,0.15,0.35,0.35
Back - Lat Pulldown (Cable) (Kneeling) (Unilateral),0,0,0,0,0,0,0,0.4,0,0,0.7,0.5,0,0,1,0,0,0,0,0,0,0,0,0.4,0,0,0,0,0,0,0,0,0.3,0,0,0,0,0.15,0.35,0.35
Back - Lat Pulldown (Machine) (Close Grip),0,0,0,0,0,0,0,0.4,0,0,0.7,0.5,0,0,0,0,0,1,0,0,0,0,0.7,0,0,0,0,0,0,0,0,0,0,0,0,0,0,0.15,0.35,0.35
Back - Lat Pulldown (Machine) (Unilateral),0,0,0,0,0,0,0,0.4,0,0,0.7,0.5,0,0,1,0,0,0,0,0,0,0,0,0.4,0,0,0,0,0,0,0,0,0,0,0,0,0,0.15,0.35,0.35
Back - Lat Pulldown (Machine) (Wide Grip),0,0,0,0,0,0,0,0.5,0,0,0.8,0.6,0,0,1,0,0,0,0,0,0,0,0,0.3,0,0,0,0,0,0,0,0,0,0,0,0,0,0.15,0.35,0.35
Back - Pullover (Cable) (EZ Bar),0,0,0,0,0,0,0,0,0,0,0.5,0.3,0,0,0,0,0,1,0,0,0,0,0,0,0,0,0,0,0,0,0,0,0,0,0,0,0,0,0,0
Back - Pullover (Machine),0,0,0,0,0,0,0,0,0,0,0.5,0.3,0,0,0,0,0,1,0,0,0,0,0,0,0,0,0,0,0,0,0,0,0,0,0,0,0,0,0,0
Back - Pullup (Bodyweight) (Neutral Grip),0,0,0,0,0,0,0,0.4,0,0,0.7,0.5,0,0,0,0,0,1,0,0,0,0,0.7,0,0,0,0,0,0,0,0,0,0,0,0,0,0,0.15,0.4,0.4
Back - Row (Barbell) (Bent Over) (Wide),0,0,0,0,0,0,0,1,0,0.15,0,0,0.2,0.3,0,0,0,0,0,1,0,0,0,0.2,0,0,0,0,0,0,0,1,0,0,0.8,0,0,0.15,0.3,0.3
Back - Row (Cable Machine) (Close Grip),0,0,0,0,0,0,0,1,0,0.15,0,0,0.2,0.3,0,0,0,1,0,0,0,0,0.6,0,0,0,0,0,0,0,0,0.3,0,0,0,0,0,0.15,0.3,0.3
Back - Row (Cable Machine) (Close Grip) (Unilateral),0,0,0,0,0,0,0,1,0,0.15,0,0,0.2,0.3,0,0,0,1,0,0,0,0,0.6,0,0,0,0,0,0,0,0,0.3,0.2,0,0,0,0,0.15,0.3,0.3
Back - Row (Cable Machine) (Wide Grip) (Pronated),0,0,0,0,0,0,0,1,0,0.15,0,0,0.2,0.3,0,0,0,0,0,1,0,0,0,0.2,0,0,0,0,0,0,0,0.3,0,0,0,0,0,0.15,0.3,0.3
Back - Row (Dumbbell) (Bent Over) (Unilateral),0,0,0,0,0,0,0,1,0,0.15,0,0,0.2,0.3,0,0,0,1,0,0,0,0,0.5,0,0,0,0,0,0,0,0,0.8,0.2,0,0.6,0,0,0.15,0.3,0.3
Back - Row (Machine) (Chest Supported) (Close Grip),0,0,0,0,0,0,0,1,0,0.15,0,0,0.2,0.3,0,0,0,1,0,0,0,0,0.6,0,0,0,0,0,0,0,0,0,0,0,0,0,0,0.15,0.3,0.3
Back - Row (Machine) (Chest Supported) (Unilateral),0,0,0,0,0,0,0,1,0,0.15,0,0,0.2,0.3,0,0,0,1,0,0,0,0,0.5,0,0,0,0,0,0,0,0,0,0,0,0,0,0,0.15,0.3,0.3
Back - Row (Machine) (Chest Supported) (Wide Grip),0,0,0,0,0,0,0,1,0,0.15,0,0,0.2,0.3,0,0,0,0,0,1,0,0,0,0.2,0,0,0,0,0,0,0,0.2,0,0,0,0,0,0.15,0.3,0.3
Back - Row (Machine) (Close Grip),0,0,0,0,0,0,0,1,0,0.15,0,0,0.2,0.3,0,0,0,1,0,0,0,0,0.6,0,0,0,0,0,0,0,0,0.2,0,0,0,0,0,0.15,0.3,0.3
Back - Row (Machine) (Close Grip) (Unilateral),0,0,0,0,0,0,0,1,0,0.15,0,0,0.2,0.3,0,0,0,1,0,0,0,0,0.6,0,0,0,0,0,0,0,0,0.2,0.2,0,0,0,0,0.15,0.3,0.3
Back - Row (T-Bar) (Chest Supported) (Close-Grip),0,0,0,0,0,0,0,1,0,0.15,0,0,0.2,0.3,0,0,0,1,0,0,0,0,0.6,0,0,0,0,0,0,0,0,0,0,0,0,0,0,0.15,0.3,0.3
Back - Row (T-Bar) (Chest Supported) (Wide-Grip),0,0,0,0,0,0,0,1,0,0.15,0,0,0.2,0.3,0,0,0,0,0,1,0,0,0,0.2,0,0,0,0,0,0,0,0,0,0,0,0,0,0.15,0.3,0.3
Back - Row (T-Bar) (Meadows),0,0,0,0,0,0,0,1,0,0.15,0,0,0.2,0.3,0,0,0,0.8,0,0.4,0,0,0.4,0,0,0,0,0,0,0,0,0.8,0.3,0,0.6,0,0,0.15,0.3,0.3
Biceps - Curl (Cable) (Bayesian) (Unilateral),0,0,0,0,0,0,0,0,0,0,0,0,0,0,0,0,0,0,0,0,0,1,0,0,0,0,0,0,0,0,0,0,0,0,0,0,0,0,0,0
Biceps - Curl (Cable) (EZ Bar),0,0,0,0,0,0,0,0,0,0,0,0,0,0,0,0,0,0,0,0,0,1,0,0,0,0,0,0,0,0,0,0,0,0,0,0,0,0,0,0
Biceps - Curl (Dumbbell) (Concentration) (Unilateral),0,0,0,0,0,0,0,0,0,0,0,0,0,0,0,0,0,0,0,0,0,1,0,0,0,0,0,0,0,0,0,0,0,0,0,0,0,0,0,0
Biceps - Curl (Dumbbell) (Incline),0,0,0,0,0,0,0,0,0,0,0,0,0,0,0,0,0,0,0,0,0,1,0,0,0,0,0,0,0,0,0,0,0,0,0,0,0,0,0,0
Biceps - Curl (Dumbbell) (Preacher) (Unilateral),0,0,0,0,0,0,0,0,0,0,0,0,0,0,0,0,0,0,0,0,0,1,0,0,0,0,0,0,0,0,0,0,0,0,0,0,0,0,0,0
Biceps - Curl (EZ Bar) (Preacher),0,0,0,0,0,0,0,0,0,0,0,0,0,0,0,0,0,0,0,0,0,1,0,0,0,0,0,0,0,0,0,0,0,0,0,0,0,0,0,0
Biceps - Curl (Machine) (Preacher) (Unilateral),0,0,0,0,0,0,0,0,0,0,0,0,0,0,0,0,0,0,0,0,0,1,0,0,0,0,0,0,0,0,0,0,0,0,0,0,0,0,0,0
Biceps - Hammer Curl (Cable) (Unilateral),0,0,0,0,0,0,0,0,0,0,0,0,0,0,0,0,0,0,0,0,0,0,1,0,0,0,0,0,0,0,0,0,0,0,0,0,0,0,0,0
Biceps - Hammer Curl (Dumbbell) (Alternating),0,0,0,0,0,0,0,0,0,0,0,0,0,0,0,0,0,0,0,0,0,0,1,0,0,0,0,0,0,0,0,0,0,0,0,0,0,0,0,0
Biceps - Hammer Curl (Dumbbell) (Concentration) (Unilateral),0,0,0,0,0,0,0,0,0,0,0,0,0,0,0,0,0,0,0,0,0,0,1,0,0,0,0,0,0,0,0,0,0,0,0,0,0,0,0,0
Biceps - Hammer Curl (Dumbbell) (Preacher) (Unilateral),0,0,0,0,0,0,0,0,0,0,0,0,0,0,0,0,0,0,0,0,0,0,1,0,0,0,0,0,0,0,0,0,0,0,0,0,0,0,0,0
Biceps - Hammer Curl (Dumbbell) (Seated),0,0,0,0,0,0,0,0,0,0,0,0,0,0,0,0,0,0,0,0,0,0,1,0,0,0,0,0,0,0,0,0,0,0,0,0,0,0,0,0
Calves - Calf Raises (Leg Press Machine),0,0,0,0,0,0,1,0,0,0,0,0,0,0,0,0,0,0,0,0,0,0,0,0,0,0,0,0,0,0,0,0,0,0,0,0,0,0,0,0
Calves - Calf Raises (Machine) (Standing),0,0,0,0,0,0,1,0,0,0,0,0,0,0,0,0,0,0,0,0,0,0,0,0,0,0,0,0,0,0,0,0,0,0,0,0,0,0,0,0
Chest - Dips (Machine),0,0,0,0,0,0,0,0,0.2,0,0.2,0.6,0,0,0,0,0.8,0,0.2,0,0,0,0,0,1,0,0,0,0,0,0,0,0,0,0,0,0,0,0,0
Chest - Fly (Cable) (Bent Over Standing),0,0,0,0,0,0,0,0,0.3,0,0,0,0,0,0,0,0,0,1,0,0,0,0,0,0,0,0,0,0,0,0,0.6,0,0,0.4,0,0,0,0,0
Chest - Fly (Cable) (High-to-Low),0,0,0,0,0,0,0,0,0.3,0,0,0,0,0,0.5,0,0,0,0.8,0,0,0,0,0,0,0,0,0,0,0,0,0,0,0,0,0,0,0,0,0
Chest - Fly (Cable) (Kneeling),0,0,0,0,0,0,0,0,0.3,0,0,0,0,0,0,0,0,0,1,0,0,0,0,0,0,0,0,0,0,0,0,0,0,0,0,0,0,0,0,0
Chest - Fly (Cable) (Low-to-High),0,0,0,0,0,0,0,0,0.3,0,0,0,0,0,0,0,0.5,0,0.8,0,0,0,0,0,0,0,0,0,0,0,0,0,0,0,0,0,0,0,0,0
Chest - Fly (Cable) (Low-to-High) (Unilateral),0,0,0,0,0,0,0,0,0.3,0,0,0,0,0,0,0,0.5,0,0.8,0,0,0,0,0,0,0,0,0,0,0,0,0,0.2,0,0,0,0,0,0,0
Chest - Fly (Cable) (Seated),0,0,0,0,0,0,0,0,0.2,0,0,0,0,0,0,0,0,0,1,0,0,0,0,0,0,0,0,0,0,0,0,0,0,0,0,0,0,0,0,0
Chest - Fly (Pec Deck Machine),0,0,0,0,0,0,0,0,0,0,0,0,0,0,0,0,0,0,1,0,0,0,0,0,0,0,0,0,0,0,0,0,0,0,0,0,0,0,0,0
Chest - Press (Barbell),0,0,0,0,0,0,0,0,0,0,0,0,0,0,0,0,0,0,1,0,0,0,0,0,0.4,0,0,0,0,0,0,0,0,0,0,0.4,0.25,0,0,0
Chest - Press (Barbell) (Incline 15),0,0,0,0,0,0,0,0,0,0,0,0,0,0,0,0,0.2,0,0.9,0,0,0,0,0,0.4,0,0,0,0,0,0,0,0,0,0,0.4,0.25,0,0,0
Chest - Press (Barbell) (Incline 20),0,0,0,0,0,0,0,0,0,0,0,0,0,0,0,0,0.3,0,0.9,0,0,0,0,0,0.3,0,0,0,0,0,0,0,0,0,0,0.4,0.25,0,0,0
Chest - Press (Barbell) (Incline 24),0,0,0,0,0,0,0,0,0,0,0,0,0,0,0,0,0.4,0,0.8,0,0,0,0,0,0.3,0,0,0,0,0,0,0,0,0,0,0.4,0.25,0,0,0
Chest - Press (Barbell) (Incline 30),0,0,0,0,0,0,0,0,0,0,0,0,0,0,0,0,0.5,0,0.8,0,0,0,0,0,0.3,0,0,0,0,0,0,0,0,0,0,0.4,0.25,0,0,0
Chest - Press (Barbell) (Incline 30) (Larson),0,0,0,0,0,0,0,0,0,0,0,0,0,0,0,0,0.5,0,0.8,0,0,0,0,0,0.3,0,0,0,0,0,0.2,0,0,0,0,0.4,0.25,0,0,0
Chest - Press (Barbell) (Larson),0,0,0,0,0,0,0,0,0,0,0,0,0,0,0,0,0,0,1,0,0,0,0,0,0.4,0,0,0,0,0,0.2,0,0,0,0,0.4,0.25,0,0,0
Chest - Press (Barbell) (Paused),0,0,0,0,0,0,0,0,0,0,0,0,0,0,0,0,0,0,1,0,0,0,0,0,0.4,0,0,0,0,0,0,0,0,0,0,0.4,0.25,0,0,0
Chest - Press (Barbell) (Spoto) (Paused),0,0,0,0,0,0,0,0,0,0,0,0,0,0,0,0,0,0,1,0,0,0,0,0,0.4,0,0,0,0,0,0,0,0,0,0,0.4,0.25,0,0,0
Chest - Press (Cable) (Horizontal),0,0,0,0,0,0,0,0,0.4,0,0,0,0,0,0,0,0,0,1,0,0,0,0,0,0.4,0,0,0,0,0,0,0,0,0,0,0,0,0,0,0
Chest - Press (Dumbbell) (Incline 15),0,0,0,0,0,0,0,0,0,0,0,0,0,0,0,0,0.2,0,0.9,0,0,0,0,0,0.4,0,0,0,0,0,0,0,0,0,0,0.4,0.25,0,0,0
Chest - Press (Dumbbell) (Incline 20),0,0,0,0,0,0,0,0,0,0,0,0,0,0,0,0,0.3,0,0.9,0,0,0,0,0,0.3,0,0,0,0,0,0,0,0,0,0,0.4,0.25,0,0,0
Chest - Press (Dumbbell) (Incline 24),0,0,0,0,0,0,0,0,0,0,0,0,0,0,0,0,0.4,0,0.8,0,0,0,0,0,0.3,0,0,0,0,0,0,0,0,0,0,0.4,0.25,0,0,0
Chest - Press (Dumbbell) (Incline 30),0,0,0,0,0,0,0,0,0,0,0,0,0,0,0,0,0.5,0,0.8,0,0,0,0,0,0.3,0,0,0,0,0,0,0,0,0,0,0.4,0.25,0,0,0
Chest - Press (Dumbbell) (Incline 40),0,0,0,0,0,0,0,0,0,0,0,0,0,0,0,0,0.7,0,0.6,0,0,0,0,0,0.4,0,0,0,0,0,0,0,0,0,0,0.4,0.25,0,0,0
Chest - Press (Machine) (Horizontal),0,0,0,0,0,0,0,0,0,0,0,0,0,0,0,0,0,0,1,0,0,0,0,0,0.4,0,0,0,0,0,0,0,0,0,0,0,0,0,0,0
Chest - Press (Machine) (Horizontal) (Plate Loaded),0,0,0,0,0,0,0,0,0,0,0,0,0,0,0,0,0,0,1,0,0,0,0,0,0.4,0,0,0,0,0,0,0,0,0,0,0,0,0,0,0
Chest - Press (Machine) (Incline),0,0,0,0,0,0,0,0,0,0,0,0,0,0,0,0,0.5,0,0.8,0,0,0,0,0,0.3,0,0,0,0,0,0,0,0,0,0,0,0,0,0,0
Chest - Press (Machine) (Incline) (Plate Loaded),0,0,0,0,0,0,0,0,0,0,0,0,0,0,0,0,0.5,0,0.8,0,0,0,0,0,0.3,0,0,0,0,0,0,0,0,0,0,0,0,0,0,0
Chest - Press (Smith Machine),0,0,0,0,0,0,0,0,0,0,0,0,0,0,0,0,0,0,1,0,0,0,0,0,0.4,0,0,0,0,0,0,0,0,0,0,0.4,0.25,0,0,0
Chest - Press (Smith Machine) (Incline 10),0,0,0,0,0,0,0,0,0,0,0,0,0,0,0,0,0.1,0,0.9,0,0,0,0,0,0.4,0,0,0,0,0,0,0,0,0,0,0.4,0.25,0,0,0
Chest - Press (Smith Machine) (Incline 30),0,0,0,0,0,0,0,0,0,0,0,0,0,0,0,0,0.5,0,0.8,0,0,0,0,0,0.3,0,0,0,0,0,0,0,0,0,0,0.4,0.25,0,0,0
Chest - Press (Smith Machine) (Larson),0,0,0,0,0,0,0,0,0,0,0,0,0,0,0,0,0,0,1,0,0,0,0,0,0.4,0,0,0,0,0,0.2,0,0,0,0,0.4,0.25,0,0,0
Forearms - Behind Back Wrist Curls (Cable) (Straight Bar),0,0,0,0,0,0,0,0,0,0,0,0,0,0,0,0,0,0,0,0,0,0,0,0,0,0,0,1,0,0,0,0,0,0,0,0,0,0,0,0
Forearms - Grip Squeeze (Cable) (Unilateral),0,0,0,0,0,0,0,0,0,0,0,0,0,0,0,0,0,0,0,0,0,0,0,0,0,0,0,0,0.8,1,0,0,0,0,0,0,0,0.4,0,0
Forearms - Grip Squeeze (Machine),0,0,0,0,0,0,0,0,0,0,0,0,0,0,0,0,0,0,0,0,0,0,0,0,0,0,0,0,0.8,1,0,0,0,0,0,0,0,0.4,0,0
Forearms - Reverse Curls (Cable) (Straight Bar),0,0,0,0,0,0,0,0,0,0,0,0,0,0,0,0,0,0,0,0,0,0,0,1,0,0,0,0,0,0,0,0,0,0,0,0,0,0.5,0,0.2
Forearms - Reverse Curls (Cable) (Unilateral),0,0,0,0,0,0,0,0,0,0,0,0,0,0,0,0,0,0,0,0,0,0,0,1,0,0,0,0,0,0,0,0,0,0,0,0,0,0.5,0,0.2
Forearms - Reverse Curls (EZ Bar) (Standing),0,0,0,0,0,0,0,0,0,0,0,0,0,0,0,0,0,0,0,0,0,0,0,1,0,0,0,0,0,0,0,0,0,0,0,0,0,0.5,0,0.2
Forearms - Reverse Curls (EZ Bar) (Standing) (Strict),0,0,0,0,0,0,0,0,0,0,0,0,0,0,0,0,0,0,0,0,0,0,0,1,0,0,0,0,0,0,0,0,0,0,0,0,0,0.5,0,0.2
Forearms - Static Holds (Cable),0,0,0,0,0,0,0,0,0,0,0,0,0,0,0,0,0,0,0,0,0,0,0,0,0,0,0,0,0,0,0,0,0,0,0,0,0,0.5,1,1
Forearms - Static Holds (Cable) (Unilateral),0,0,0,0,0,0,0,0,0,0,0,0,0,0,0,0,0,0,0,0,0,0,0,0,0,0,0,0,0,0,0,0,0,0,0,0,0,0.5,1,1
Forearms - Static Holds (Dumbbell),0,0,0,0,0,0,0,0,0,0,0,0,0,0,0,0,0,0,0,0,0,0,0,0,0,0,0,0,0,0,0,0,0,0,0,0,0,0.5,1,1
Forearms - Thinker Curls (Cable) (Unilateral),0,0,0,0,0,0,0,0,0,0,0,0,0,0,0,0,0,0,0,0,0,0,0,1,0,0,0,0,0,0,0,0,0,0,0,0,0,0.5,0,0.2
Forearms - Wrist Curls (Cable),0,0,0,0,0,0,0,0,0,0,0,0,0,0,0,0,0,0,0,0,0,0,0,0,0,0,0,1,0,0,0,0,0,0,0,0,0,0,0,0
Forearms - Wrist Curls (Cable) (Unilateral),0,0,0,0,0,0,0,0,0,0,0,0,0,0,0,0,0,0,0,0,0,0,0,0,0,0,0,1,0,0,0,0,0,0,0,0,0,0,0,0
Glutes - Hip Thrust (Machine),0,0,0,1,0,0,0,0,0,0,0,0,0,0,0,0,0,0,0,0,0,0,0,0,0,0,0,0,0,0,0,0,0,0,0,0,0,0,0,0
Hamstrings - Back Extentions (Dumbbell),0,0,0,1,0,0,0,0,0,0,0,0,0,0,0,0,0,0,0,0,0,0,0,0,0,0,0,0,0,0,0,0.8,0,0,0,0,0,0,0.2,0.2
Hamstrings - Back Extentions (Dumbbell) (45),0,0,0,1,0,0,0,0,0,0,0,0,0,0,0,0,0,0,0,0,0,0,0,0,0,0,0,0,0,0,0,0.8,0,0,0,0,0,0,0.2,0.2
Hamstrings - Back Extentions (Dumbbell) (55),0,0,0,1,0,0,0,0,0,0,0,0,0,0,0,0,0,0,0,0,0,0,0,0,0,0,0,0,0,0,0,0.9,0,0,0,0,0,0,0.2,0.2
Hamstrings - Leg Curl (Machine) (Prone),0,0,0,0,1,0,0,0,0,0,0,0,0,0,0,0,0,0,0,0,0,0,0,0,0,0,0,0,0,0,0,0,0,0,0,0,0,0,0,0
Hamstrings - Leg Curl (Machine) (Prone) (Unilateral),0,0,0,0,1,0,0,0,0,0,0,0,0,0,0,0,0,0,0,0,0,0,0,0,0,0,0,0,0,0,0,0,0,0,0,0,0,0,0,0
Hamstrings - Leg Curl (Machine) (Seated),0,0,0,0,1,0,0,0,0,0,0,0,0,0,0,0,0,0,0,0,0,0,0,0,0,0,0,0,0,0,0,0,0,0,0,0,0,0,0,0
Hamstrings - Leg Curl (Machine) (Seated) (Unilateral),0,0,0,0,1,0,0,0,0,0,0,0,0,0,0,0,0,0,0,0,0,0,0,0,0,0,0,0,0,0,0,0,0,0,0,0,0,0,0,0
Hamstrings - RDLs (Barbell),0,0,0,1,0,0,0,0,0,0,0,0,0,0,0,0,0,0,0,0,0,0,0,0,0,0,0,0,0,0,0,1,0,0,0,0,0,0.2,0.5,0.5
Legs - Leg Press (Machine),0,0,0,0.8,0,1,0.3,0,0,0,0,0,0,0,0,0,0,0,0,0,0,0,0,0,0,0,0,0,0,0,0,0,0,0,0,0,0,0,0,0
Legs - Leg Press (Machine) (Unilateral),0,0,0,0.8,0,1,0.3,0,0,0,0,0,0,0,0,0,0,0,0,0,0,0,0,0,0,0,0,0,0,0,0,0,0,0,0,0,0,0,0,0
Legs - Leg Press (Machine) (Unilateral) (High Foot Placement),0,0,0,1,0,0.8,0.2,0,0,0,0,0,0,0,0,0,0,0,0,0,0,0,0,0,0,0,0,0,0,0,0,0,0,0,0,0,0,0,0,0
Legs - Leg Press (Machine) (Unilateral) (High Foot Placement) (Plate Loaded),0,0,0,1,0,0.8,0.2,0,0,0,0,0,0,0,0,0,0,0,0,0,0,0,0,0,0,0,0,0,0,0,0,0,0,0,0,0,0,0,0,0
Legs - Split Squats (Dumbbells),0,0,0,0.8,0,1,0.5,0,0,0,0,0,0,0,0,0,0,0,0,0,0,0,0,0,0,0,0,0,0,0,0,0.3,0,0.3,0,0,0,0,0.3,0.3
Quads - Belt Squat (Machine),0,0,0,0.8,0,1,0.4,0,0,0,0,0,0,0,0,0,0,0,0,0,0,0,0,0,0,0,0,0,0,0,0,0,0,0,0,0,0,0,0,0
Quads - Hack Squat (Machine),0,0,0,0.8,0,1,0.5,0,0,0,0,0,0,0,0,0,0,0,0,0,0,0,0,0,0,0,0,0,0,0,0,0,0,0,0,0,0,0,0,0
Quads - Leg Extension (Machine),0,0,0,0,0,1,0,0,0,0,0,0,0,0,0,0,0,0,0,0,0,0,0,0,0,0,0,0,0,0,0,0,0,0,0,0,0,0,0,0
Quads - Leg Extension (Machine) (Unilateral),0,0,0,0,0,1,0,0,0,0,0,0,0,0,0,0,0,0,0,0,0,0,0,0,0,0,0,0,0,0,0,0,0,0,0,0,0,0,0,0
Shoulders - Lateral Raise (Cable) (Unilateral),0,0,0,0,0,0,0,0,0,0.45,0,0,0.2,0.1,0,1,0,0,0,0,0,0,0,0,0,0,0,0,0,0,0,0,0,0,0,0,0,0,0,0
Shoulders - Lateral Raise (Dumbbell) (Seated),0,0,0,0,0,0,0,0,0,0.65,0,0,0.3,0.2,0,1,0,0,0,0,0,0,0,0,0,0,0,0,0,0,0,0,0,0,0,0,0,0,0,0
Shoulders - Lateral Raise (Dumbbell) (Standing),0,0,0,0,0,0,0,0,0,0.7,0,0,0.3,0.2,0,1,0,0,0,0,0,0,0,0,0,0,0,0,0,0,0,0,0,0,0,0,0,0,0,0
Shoulders - Lateral Raise (Dumbbells) (Seated - Leaning),0,0,0,0,0,0,0,0,0,0.6,0,0,0.3,0.2,0,1,0,0,0,0,0,0,0,0,0,0,0,0,0,0,0,0,0,0,0,0,0,0,0,0
Shoulders - Lateral Raise (Machine),0,0,0,0,0,0,0,0,0,0.55,0,0,0.25,0.15,0,1,0,0,0,0,0,0,0,0,0,0,0,0,0,0,0,0,0,0,0,0,0,0,0,0
Shoulders - Lu Raises (Dumbbell) (Seated),0,0,0,0,0,0,0,0,0,1,0,0,0.6,0.4,0,1,0,0,0,0,0,0,0,0,0,0,0,0,0,0,0,0,0,0,0,0,0,0,0,0
Shoulders - Lu Raises (Dumbbell) (Standing),0,0,0,0,0,0,0,0,0,1,0,0,0.6,0.4,0,1,0,0,0,0,0,0,0,0,0,0,0,0,0,0,0,0,0,0,0,0,0,0,0,0
Shoulders - Press (Barbell) (Standing),0,0,0,0,0,0,0,0,0,1,0,0,0.5,0.3,0,0.5,1,0,0,0,0,0,0,0,0,0.6,0,0,0,0,0.4,0,0,0,0.2,0,0,0,0,0
Shoulders - Press (Dumbbell) (Seated) (Close Grip) (Incline 60),0,0,0,0,0,0,0,0,0,0.8,0,0,0.4,0.25,0,0,1,0,0,0,0,0,0,0,0,0.7,0,0,0,0,0,0,0,0,0,0,0,0,0,0
Shoulders - Press (Dumbbell) (Seated) (Wide Grip) (Incline 60),0,0,0,0,0,0,0,0,0,0.8,0,0,0.4,0.25,0,0.6,1,0,0,0,0,0,0,0,0,0.6,0,0,0,0,0,0,0,0,0,0,0,0,0,0
Shoulders - Press (Landmine) (Kneeling),0,0,0,0,0,0,0,0,0.4,0.7,0,0,0.35,0.25,0,0,1,0,0,0,0,0,0,0,0,0.6,0,0,0,0,0.2,0,0,0,0,0,0,0,0,0
Shoulders - Press (Machine) (Close Grip),0,0,0,0,0,0,0,0,0,0.75,0,0,0.35,0.2,0,0,1,0,0,0,0,0,0,0,0,0.7,0,0,0,0,0,0,0,0,0,0,0,0,0,0
Shoulders - Press (Machine) (Wide Grip),0,0,0,0,0,0,0,0,0,0.75,0,0,0.35,0.2,0,0.6,1,0,0,0,0,0,0,0,0,0.6,0,0,0,0,0,0,0,0,0,0,0,0,0,0
Shoulders - Press (Smith Machine),0,0,0,0,0,0,0,0,0,0.8,0,0,0.4,0.25,0,0,1,0,0,0,0,0,0,0,0,0.6,0,0,0,0,0,0,0,0,0,0,0,0,0,0
Shoulders - Rear Delt Fly (Cable) (Unilateral),0,0,0,0,0,0,0,0.6,0,0.1,0,0,0.2,0.2,0,0,0,0,0,1,0,0,0,0,0,0,0,0,0,0,0,0,0.2,0,0,0,0,0,0,0
Shoulders - Rear Delt Fly (Machine),0,0,0,0,0,0,0,0.6,0,0.1,0,0,0.2,0.2,0,0,0,0,0,1,0,0,0,0,0,0,0,0,0,0,0,0,0,0,0,0,0,0,0,0
Shoulders - Y-Raise (Cable) (Lying),0,0,0,0,0,0,0,0,0,0.7,0,0,0.4,0.3,0,0,0,0,0,0,1,0,0,0,0,0,0,0,0,0,0,0,0,0,0,0,0,0,0,0
Shoulders - Y-Raise (Cable) (Standing),0,0,0,0,0,0,0,0,0,0.8,0,0,0.45,0.3,0,0,0,0,0,0,1,0,0,0,0,0,0,0,0,0,0,0,0,0,0,0,0,0,0,0
Triceps - Extension (Cable) (Overhead) (Katana),0,0,0,0,0,0,0,0,0,0,0,0,0,0,0,0,0,0,0,0,0,0,0,0,0,1,0,0,0,0,0,0,0,0,0,0,0,0,0,0
Triceps - Extension (Cable) (Overhead) (Unilateral),0,0,0,0,0,0,0,0,0,0,0,0,0,0,0,0,0,0,0,0,0,0,0,0,0,1,0,0,0,0,0,0,0,0,0,0,0,0,0,0
Triceps - Extension (Dumbbell) (Overhead),0,0,0,0,0,0,0,0,0,0,0,0,0,0,0,0,0,0,0,0,0,0,0,0,0,1,0,0,0,0,0,0,0,0,0,0,0,0,0,0
Triceps - Extension (Dumbbell) (Overhead) (Unilateral),0,0,0,0,0,0,0,0,0,0,0,0,0,0,0,0,0,0,0,0,0,0,0,0,0,1,0,0,0,0,0,0,0,0,0,0,0,0,0,0
Triceps - French Press (Cable) (EZ Bar),0,0,0,0,0,0,0,0,0,0,0,0,0,0,0,0,0,0,0,0,0,0,0,0,0,1,0,0,0,0,0,0,0,0,0,0,0,0,0,0
Triceps - French Press (Cable) (V-Bar),0,0,0,0,0,0,0,0,0,0,0,0,0,0,0,0,0,0,0,0,0,0,0,0,0,1,0,0,0,0,0,0,0,0,0,0,0,0,0,0
Triceps - French Press (Machine),0,0,0,0,0,0,0,0,0,0,0,0,0,0,0,0,0,0,0,0,0,0,0,0,0,1,0,0,0,0,0,0,0,0,0,0,0,0,0,0
Triceps - JM Press (Cable) (Unilateral),0,0,0,0,0,0,0,0,0,0,0,0,0,0,0,0,0.4,0,0,0,0,0,0,0,0,1,0,0,0,0,0,0,0,0,0,0,0,0,0,0
Triceps - Kickback (Cable),0,0,0,0,0,0,0,0,0,0,0,0,0,0,0,0,0,0,0,0,0,0,0,0,0,0,1,0,0,0,0,0,0,0,0,0,0,0,0,0
Triceps - Pushdown (Cable) (EZ bar),0,0,0,0,0,0,0,0,0,0,0,0,0,0,0,0,0,0,0,0,0,0,0,0,1,0,0,0,0,0,0,0,0,0,0,0,0,0,0,0
Triceps - Pushdown (Cable) (Unilateral),0,0,0,0,0,0,0,0,0,0,0,0,0,0,0,0,0,0,0,0,0,0,0,0,1,0,0,0,0,0,0,0,0,0,0,0,0,0,0,0
Triceps - Pushdown (Cable) (V-Bar),0,0,0,0,0,0,0,0,0,0,0,0,0,0,0,0,0,0,0,0,0,0,0,0,1,0,0,0,0,0,0,0,0,0,0,0,0,0,0,0
Triceps - Pushdown (Cable) (Wrist Cuffs),0,0,0,0,0,0,0,0,0,0,0,0,0,0,0,0,0,0,0,0,0,0,0,0,1,0,0,0,0,0,0,0,0,0,0,0,0,0,0,0
Triceps - Pushdown (Machine),0,0,0,0,0,0,0,0,0,0,0,0,0,0,0,0,0,0,0,0,0,0,0,0,1,0,0,0,0,0,0,0,0,0,0,0,0,0,0,0
Triceps - Skull Crushers (EZ Bar) (Lying),0,0,0,0,0,0,0,0,0,0,0,0,0,0,0,0,0,0,0,0,0,0,0,0,0,1,0,0,0,0,0,0,0,0,0,0,0,0,0,0
